{
  "channel": {
    "n_cells": 151,
    "cell_length": 1.0,
    "total_length": 170.0,
    "total_width": 0.8,
    "reference_momentum": 200.0,
    "on_axis_tolerance": 2e-5,
    "magnetic_field_model": "solenoidblock",
    "magnetic_field_method": "grid",
    "grid_points_per_mm": 1.0,
    "z_period_start": -70000,
    "z_period_end": 175000,
    "period_length": 2000
  },
  "coils": [
    {
      "name": "Coil2",
      "z_position": 0.081,
      "polarity": 1,
      "fixed": true,
      "r_in": 0.185,
      "r_thick": 0.060,
      "N_pancakes": 5,
      "L_pancake": 0.012,
      "L_spacing": 0.003,
      "currDensity": 300.0,
      "N_sheets": 5
    },
    {
      "name": "Coil1",
      "z_position": 0.211,
      "polarity": 1,
      "fixed": true,
      "r_in": 0.285,
      "r_thick": 0.070,
      "N_pancakes": 17,
      "L_pancake": 0.012,
      "L_spacing": 0.004,
      "currDensity": 328.43,
      "N_sheets": 5
    }
  ],
  "dipole": {
    "coil_cell_z": 0.025,
    "name": "Dipole",
    "field_strength": 0.2,
    "aperture": 0.2,
    "length_z": 0.1,
    "enge_coefficient": 5.5
  },
  "absorber": {
    "n_cells": 129,
    "wedge_alignment_angle1": 0.0,
    "wedge_alignment_angle2": 3.141592653589793,
    "wedge_offset_x": 0.0,
    "name": "Absorber",
    "absorber_type": "wedge",
    "material": "G4_LITHIUM_HYDRIDE",
    "wedge_opening_angle": 0.17453292519943295,
    "wedge_height": 0.28571,
    "wedge_apex_to_base": 0.28571
  },
  "rf": {
    "n_cells": 129,
    "n_rf_cells": 3,
    "rf_spacing": 0.1946,
    "name": "RF",
    "length": 0.18856,
    "voltage": 30.0,
    "phase": -1.2217304764,
    "frequency": 704000000.0,
    "cavity_radius": 0.163,
    "cavity_thickness": 0.003,
    "cavity_material": "G4_Cu"
  },
  "rf_phases": [12.499603271484377, 13.23544216156006, 13.971115112304688, 16.280712127685547, 17.01649284362793, 17.752187728881836, 20.06170463562012, 20.797426223754883, 21.533174514770508, 23.842723846435547, 24.578405380249023, 25.314218521118164, 27.623897552490234, 28.35957908630371, 29.09544563293457, 31.405292510986328, 32.14100646972656, 32.87689971923828, 35.186893463134766, 35.922664642333984, 36.65854263305664, 38.9686164855957, 39.70444488525391, 40.440277099609375, 42.75034332275391, 43.4862174987793, 44.22198486328125, 46.53196334838867, 47.267845153808594, 48.0035514831543, 50.31338119506836, 51.04924011230469, 51.784912109375, 54.094573974609375, 54.83038330078125, 55.56605911254883, 57.87560272216797, 58.61135482788086, 59.34707260131836, 61.65659332275391, 62.39229583740234, 63.12807846069336, 65.43769073486328, 66.17337036132812, 66.90921783447266, 69.218994140625, 69.9546890258789, 70.6905746459961, 73.0005111694336, 73.73625183105469, 74.4721450805664, 76.78219604492188, 77.51799011230469, 78.25385284423828, 80.56393432617188, 81.2997817993164, 82.03558349609375, 84.3456039428711, 85.08148193359375, 85.81721496582031, 88.12711334228516, 88.86298370361328, 89.59866333007812, 91.9084014892578, 92.64423370361328, 93.3799057006836, 95.68949127197266, 96.4252700805664, 97.16096496582033, 99.47048950195312, 100.20621490478516, 100.94196319580078, 103.25152587890624, 103.98722076416016, 104.72303771972656, 107.0327377319336, 107.76842498779295, 108.50430297851562, 110.81417083740234, 111.54988098144533, 112.28578186035156, 114.59578704833984, 115.33155822753906, 116.06743621826172, 118.37751007080078, 119.11333465576172, 119.8491668701172, 122.15921783447266, 122.89508056640624, 123.63084411621094, 125.94080352783205, 126.67667388916016, 127.4123764038086, 129.72218322753906, 130.45803833007812, 131.19371032714844, 133.50335693359375, 134.23916625976562, 134.97483825683594, 137.28439331054688, 138.0201416015625, 138.755859375, 141.06539916992188, 141.8011016845703, 142.53689575195312, 144.84652709960938, 145.58221435546875, 146.3180694580078, 148.62786865234375, 149.3635711669922, 150.09945678710938, 152.40940856933594, 153.1451416015625, 153.88104248046875, 156.1910858154297, 156.9268798828125, 157.66275024414062, 159.97280883789062, 160.70864868164062, 161.44444274902344, 163.75445556640625, 164.49032592773438, 165.22604370117188, 167.5359344482422, 168.27178955078125, 169.00746154785156, 171.31719970703125, 172.0530242919922, 172.7886962890625, 175.09828186035156, 175.8340606689453, 176.56976318359375, 178.87928771972656, 179.61502075195312, 180.3507843017578, 182.66036987304688, 183.39605712890625, 184.13189697265625, 186.4416046142578, 187.17730712890625, 187.91319274902344, 190.2230682373047, 190.9587860107422, 191.69468688964844, 194.0046844482422, 194.74044799804688, 195.4763336181641, 197.7863922119141, 198.522216796875, 199.25804138183597, 201.5680694580078, 202.30392456054688, 203.0396881103516, 205.34962463378903, 206.0854949951172, 206.82118225097656, 209.1309814453125, 209.8668365478516, 210.60250854492188, 212.9121551513672, 213.64796447753903, 214.38363647460935, 216.6931915283203, 217.428955078125, 218.1646881103516, 220.4742431640625, 221.2099609375, 221.9457550048828, 224.25540161132807, 224.99110412597656, 225.7269592285156, 228.03677368164065, 228.7724609375, 229.50836181640625, 231.8183135986328, 232.55404663085935, 233.2899475097656, 235.59999084472656, 236.3357696533203, 237.07162475585935, 239.38168334960935, 240.1175079345703, 240.85330200195312, 243.1632843017578, 243.89915466308597, 244.6348571777344, 246.9447326660156, 247.68060302734372, 248.4162750244141, 250.7259979248047, 251.4618377685547, 252.19749450683597, 254.5070953369141, 255.24288940429688, 255.9785919189453, 258.28814697265625, 259.0238647460937, 259.7596435546875, 262.0692443847656, 262.8049621582031, 263.5408020019531, 265.8505249023437, 266.5862121582031, 267.3221130371094, 269.6319885253906, 270.36767578125, 271.1036071777344, 273.4136047363281, 274.1493530273437, 274.8852233886719, 277.1952819824219, 277.9310913085937, 278.6669006347656, 280.9769287109375, 281.7127685546875, 282.4485168457031, 284.7584533691406, 285.49432373046875, 286.2300109863281, 288.539794921875, 289.2756652832031, 290.0113220214844, 292.32098388671875, 293.0567932128906, 293.79248046875, 296.10205078125, 296.8378295898437, 297.57354736328125, 299.88311767578125, 300.61883544921875, 301.3546447753906, 303.664306640625, 304.3999938964844, 305.1358642578125, 307.4456787109375, 308.1813659667969, 308.91729736328125, 311.22723388671875, 311.96295166015625, 312.6988525390625, 315.0088806152344, 315.7446594238281, 316.4804992675781, 318.79052734375, 319.5263671875, 320.2621459960937, 322.5721130371094, 323.3079833984375, 324.043701171875, 326.3535461425781, 327.0894470214844, 327.8251037597656, 330.13482666015625, 330.87066650390625, 331.6063537597656, 333.9159545898437, 334.6517639160156, 335.387451171875, 337.697021484375, 338.4327697753906, 339.1685485839844, 341.4781494140625, 342.2138671875, 342.94970703125, 345.2594299316406, 345.9951171875, 346.73101806640625, 349.0408935546875, 349.776611328125, 350.51251220703125, 352.8224792480469, 353.5582275390625, 354.2940979003906, 356.6041259765625, 357.3399353027344, 358.07574462890625, 360.3857421875, 361.1216125488281, 361.8573303222656, 364.1672668457031, 364.9031372070313, 365.6388244628906, 367.9486389160156, 368.68450927734375, 369.420166015625, 371.7298278808594, 372.4656677246094, 373.2013549804688, 375.5109252929688, 376.2467041015625, 376.9824523925781, 379.2920227050781, 380.0277404785156, 380.7635803222656, 383.0732421875, 383.8089294433594, 384.5447998046875, 386.8546142578125, 387.5903015136719, 388.3262023925781, 390.6361389160156, 391.3718566894531, 392.1077270507813, 394.417724609375, 395.1535034179688, 395.8893432617188, 398.1993713378906, 398.9352111816406, 399.67095947265625, 401.98095703125, 402.7168273925781, 403.4525146484375, 405.7623901367188, 406.498291015625, 407.2339477539063, 409.543701171875, 410.279541015625, 411.0152282714844, 413.3248596191406, 414.0606384277344, 414.7963562011719, 417.10595703125, 417.8416748046875, 418.5774841308594, 420.8870849609375, 